<?xml version="1.0" encoding="UTF-8"?>
<project-private xmlns="http://www.netbeans.org/ns/project-private/1">
    <editor-bookmarks xmlns="http://www.netbeans.org/ns/editor-bookmarks/2" lastBookmarkId="2"/>
    <open-files xmlns="http://www.netbeans.org/ns/projectui-open-files/2">
        <group>
            <file>file:/C:/Users/AndroidB/Documents/NetBeansProjects/Programa1_LuisLeonardoRiveraTierrafria_19030342/src/programa1_luisleonardoriveratierrafria_19030342/_Predicate.java</file>
            <file>file:/C:/Users/AndroidB/Documents/NetBeansProjects/Programa1_LuisLeonardoRiveraTierrafria_19030342/src/programa1_luisleonardoriveratierrafria_19030342/_Consumer.java</file>
            <file>file:/C:/Users/AndroidB/Documents/NetBeansProjects/Programa1_LuisLeonardoRiveraTierrafria_19030342/src/programa1_luisleonardoriveratierrafria_19030342/_Supplier.java</file>
            <file>file:/C:/Users/AndroidB/Documents/NetBeansProjects/Programa1_LuisLeonardoRiveraTierrafria_19030342/src/programa1_luisleonardoriveratierrafria_19030342/_function.java</file>
        </group>
    </open-files>
</project-private>
